Timestamp,Mode,Data
17:50:52.0140,RX,"218 "
17:50:52.0890,RX,"218 "
17:50:52.2010,RX,"212 "
17:50:52.3140,RX,"211 "
17:50:52.4260,RX,"224 "
17:50:52.6150,RX,"225 "
17:50:52.6150,RX,"212 "
17:50:52.7640,RX,"221 "
17:50:52.8390,RX,"210 "
17:50:52.9520,RX,"216 "
17:50:53.0640,RX,"211 "
17:50:53.1770,RX,"216 "
17:50:53.2890,RX,"217 "
17:50:53.3640,RX,"216 "
17:50:53.4770,RX,"206"
17:50:53.5140,RX," "
17:50:53.6270,RX,"202 "
17:50:53.7020,RX,"203 "
17:50:53.8140,RX,"199 "
17:50:53.8890,RX,"210"
17:50:53.9280,RX," "
17:50:54.0020,RX,"205 "
17:50:54.1140,RX,"210 "
17:50:54.2270,RX,"207 "
17:50:54.3390,RX,"20"
17:50:54.3400,RX,"4 "
17:50:54.4520,RX,"199 "
17:50:54.5270,RX,"204 "
17:50:54.6390,RX,"192 "
17:50:54.7510,RX,"20"
17:50:54.7520,RX,"1 "
17:50:54.8640,RX,"204 "
17:50:54.9770,RX,"202 "
17:50:55.0520,RX,"208 "
17:50:55.1640,RX,"21"
17:50:55.2030,RX,"2 "
17:50:55.2770,RX,"205 "
17:50:55.3890,RX,"209 "
17:50:55.5020,RX,"207 "
17:50:55.5770,RX,"2"
17:50:55.6140,RX,"05 "
17:50:55.7270,RX,"199 "
17:50:55.8020,RX,"203 "
17:50:55.9140,RX,"203 "
17:50:56.0270,RX,"2"
17:50:56.0270,RX,"05 "
17:50:56.1390,RX,"208 "
17:50:56.2520,RX,"218 "
17:50:56.3260,RX,"200 "
17:50:56.4390,RX,"209 "
17:50:56.5520,RX,"220 "
17:50:56.6640,RX,"205 "
17:50:56.7770,RX,"210 "
17:50:56.8890,RX,"209 "
17:50:56.9640,RX,"207 "
17:50:57.0770,RX,"278 "
17:50:57.1890,RX,"332 "
17:50:57.3020,RX,"302 "
17:50:57.4140,RX,"260 "
17:50:57.4890,RX,"360 "
17:50:57.6020,RX,"419 "
17:50:57.7140,RX,"252 "
17:50:57.8270,RX,"219 "
17:50:57.9390,RX,"211 "
17:50:58.0140,RX,"208 "
17:50:58.1640,RX,"211 "
17:50:58.2390,RX,"205 "
17:50:58.3520,RX,"207 "
17:50:58.4650,RX,"207"
17:50:58.4650,RX," "
17:50:58.5770,RX,"206 "
17:50:58.6900,RX,"212 "
17:50:58.7640,RX,"202 "
17:50:58.8770,RX,"207"
17:50:58.8770,RX," "
17:50:58.9890,RX,"204 "
17:50:59.1020,RX,"207 "
17:50:59.2150,RX,"207 "
17:50:59.2890,RX,"20"
17:50:59.3290,RX,"3 "
17:50:59.4020,RX,"213 "
17:50:59.5140,RX,"201 "
17:50:59.6270,RX,"203 "
17:50:59.7020,RX,"19"
17:50:59.7390,RX,"1 "
17:50:59.8520,RX,"210 "
17:50:59.9270,RX,"206 "
17:51:00.0390,RX,"214 "
17:51:00.1510,RX,"20"
17:51:00.1520,RX,"0 "
17:51:00.2650,RX,"206 "
17:51:00.3770,RX,"205 "
17:51:00.4520,RX,"213 "
17:51:00.5640,RX,"2"
17:51:00.6020,RX,"27 "
17:51:00.6770,RX,"222 "
17:51:00.8280,RX,"216 "
17:51:00.9030,RX,"226 "
17:51:00.9770,RX,"2"
17:51:01.0150,RX,"23 "
17:51:01.1270,RX,"229 "
17:51:01.2020,RX,"218 "
17:51:01.3150,RX,"223 "
17:51:01.4270,RX,"219 "
17:51:01.5390,RX,"213 "
17:51:01.6520,RX,"216 "
17:51:01.7270,RX,"218 "
17:51:01.8390,RX,"230 "
17:51:01.9520,RX,"325 "
17:51:02.0650,RX,"297 "
17:51:02.1390,RX,"263 "
17:51:02.2890,RX,"484 "
17:51:02.3640,RX,"353 "
17:51:02.4770,RX,"263 "
17:51:02.5890,RX,"244 "
17:51:02.7020,RX,"221 "
17:51:02.8150,RX,"210 "
17:51:02.8900,RX,"214 "
17:51:03.0020,RX,"215"
17:51:03.0390,RX," "
17:51:03.1140,RX,"211 "
17:51:03.2270,RX,"217 "
17:51:03.3400,RX,"228 "
17:51:03.4150,RX,"220"
17:51:03.4520,RX," "
17:51:03.5640,RX,"224 "
17:51:03.6400,RX,"220 "
17:51:03.7520,RX,"215 "
17:51:03.8640,RX,"218"
17:51:03.8650,RX," "
17:51:03.9770,RX,"225 "
17:51:04.0890,RX,"221 "
17:51:04.1650,RX,"214 "
17:51:04.2770,RX,"21"
17:51:04.2780,RX,"4 "
17:51:04.3900,RX,"216 "
17:51:04.5390,RX,"220 "
17:51:04.5770,RX,"217 "
17:51:04.6890,RX,"21"
17:51:04.7640,RX,"9 "
17:51:04.8020,RX,"219 "
17:51:04.9150,RX,"213 "
17:51:05.0270,RX,"221 "
17:51:05.1020,RX,"21"
17:51:05.1390,RX,"7 "
17:51:05.2520,RX,"213 "
17:51:05.3270,RX,"217 "
17:51:05.4400,RX,"214 "
17:51:05.5520,RX,"2"
17:51:05.5530,RX,"13 "
17:51:05.6650,RX,"218 "
17:51:05.7770,RX,"213 "
17:51:05.8520,RX,"215 "
17:51:05.9650,RX,"2"
17:51:06.0020,RX,"14 "
17:51:06.0770,RX,"208 "
17:51:06.1900,RX,"213 "
17:51:06.3020,RX,"221 "
17:51:06.4150,RX,"238 "
17:51:06.5270,RX,"237 "
17:51:06.6020,RX,"238 "
17:51:06.7150,RX,"230 "
17:51:06.8270,RX,"232 "
17:51:06.9400,RX,"374 "
17:51:07.0150,RX,"299 "
17:51:07.1270,RX,"267 "
17:51:07.2400,RX,"442 "
17:51:07.3520,RX,"331 "
17:51:07.4650,RX,"277 "
17:51:07.5400,RX,"251 "
17:51:07.6890,RX,"237 "
17:51:07.7650,RX,"233 "
17:51:07.8770,RX,"222 "
17:51:07.9890,RX,"227"
17:51:07.9900,RX," "
17:51:08.1020,RX,"231 "
17:51:08.2150,RX,"223 "
17:51:08.2890,RX,"220 "
17:51:08.4020,RX,"224"
17:51:08.4400,RX," "
17:51:08.5150,RX,"223 "
17:51:08.6650,RX,"219 "
17:51:08.7400,RX,"222 "
17:51:08.8150,RX,"222"
17:51:08.8520,RX," "
17:51:08.9270,RX,"233 "
17:51:09.0400,RX,"225 "
17:51:09.1530,RX,"227 "
17:51:09.2640,RX,"22"
17:51:09.2650,RX,"8 "
17:51:09.3780,RX,"223 "
17:51:09.4520,RX,"224 "
17:51:09.5650,RX,"223 "
17:51:09.6770,RX,"22"
17:51:09.6780,RX,"6 "
17:51:09.7890,RX,"216 "
17:51:09.9020,RX,"217 "
17:51:09.9770,RX,"217 "
17:51:10.0890,RX,"2"
17:51:10.1270,RX,"12 "
17:51:10.2020,RX,"223 "
17:51:10.3150,RX,"218 "
17:51:10.4280,RX,"216 "
17:51:10.5020,RX,"2"
17:51:10.5400,RX,"09 "
17:51:10.6530,RX,"204 "
17:51:10.7270,RX,"199 "
17:51:10.8400,RX,"199 "
17:51:10.9520,RX,"2"
17:51:10.9530,RX,"09 "
17:51:11.0650,RX,"197 "
17:51:11.1770,RX,"192 "
17:51:11.2520,RX,"196 "
17:51:11.3640,RX,"195 "
17:51:11.4770,RX,"200 "
17:51:11.5900,RX,"201 "
17:51:11.7400,RX,"190 "
17:51:11.8150,RX,"186 "
17:51:11.8920,RX,"328 "
17:51:12.0020,RX,"292 "
17:51:12.1150,RX,"248 "
17:51:12.2270,RX,"363 "
17:51:12.3400,RX,"403 "
17:51:12.4150,RX,"267 "
17:51:12.5270,RX,"225 "
17:51:12.6400,RX,"211 "
17:51:12.7520,RX,"201 "
17:51:12.8650,RX,"199 "
17:51:12.9400,RX,"204"
17:51:12.9780,RX," "
17:51:13.0890,RX,"198 "
17:51:13.1660,RX,"198 "
17:51:13.2770,RX,"199 "
17:51:13.3900,RX,"204"
17:51:13.3900,RX," "
17:51:13.5020,RX,"204 "
17:51:13.6150,RX,"197 "
17:51:13.6900,RX,"207 "
17:51:13.8020,RX,"201"
17:51:13.8030,RX," "
17:51:13.9150,RX,"192 "
17:51:14.0270,RX,"206 "
17:51:14.1400,RX,"204 "
17:51:14.2150,RX,"19"
17:51:14.2520,RX,"9 "
17:51:14.3270,RX,"209 "
17:51:14.4400,RX,"202 "
17:51:14.5530,RX,"208 "
17:51:14.7020,RX,"19"
17:51:14.7030,RX,"7 "
17:51:14.7780,RX,"207 "
17:51:14.8520,RX,"201 "
17:51:14.9650,RX,"194 "
17:51:15.0770,RX,"19"
17:51:15.0780,RX,"3 "
17:51:15.1900,RX,"205 "
17:51:15.3030,RX,"204 "
17:51:15.3770,RX,"194 "
17:51:15.4900,RX,"1"
17:51:15.5310,RX,"99 "
17:51:15.6030,RX,"203 "
17:51:15.7150,RX,"197 "
17:51:15.8270,RX,"193 "
17:51:15.9020,RX,"1"
17:51:15.9400,RX,"95 "
17:51:16.0530,RX,"200 "
17:51:16.1270,RX,"201 "
17:51:16.2400,RX,"203 "
17:51:16.3520,RX,"196 "
17:51:16.4650,RX,"204 "
17:51:16.5780,RX,"194 "
17:51:16.6530,RX,"193 "
17:51:16.7650,RX,"297 "
17:51:16.8770,RX,"288 "
17:51:16.9900,RX,"253 "
17:51:17.1020,RX,"251 "
17:51:17.2150,RX,"270 "
17:51:17.2900,RX,"217 "
17:51:17.4780,RX,"208 "
17:51:17.5150,RX,"203 "
17:51:17.6270,RX,"198 "
17:51:17.7410,RX,"202 "
17:51:17.8150,RX,"207 "
17:51:17.9270,RX,"202"
17:51:17.9650,RX," "
17:51:18.0400,RX,"205 "
17:51:18.1520,RX,"208 "
17:51:18.2650,RX,"209 "
17:51:18.3400,RX,"206"
17:51:18.3780,RX," "
17:51:18.4900,RX,"194 "
17:51:18.5650,RX,"197 "
17:51:18.6770,RX,"208 "
17:51:18.8270,RX,"200"
17:51:18.8280,RX," "
17:51:18.9030,RX,"202 "
17:51:19.0150,RX,"198 "
17:51:19.0900,RX,"197 "
17:51:19.2020,RX,"20"
17:51:19.2030,RX,"1 "
17:51:19.3150,RX,"192 "
17:51:19.4270,RX,"195 "
17:51:19.5400,RX,"205 "
17:51:19.6150,RX,"20"
17:51:19.6530,RX,"8 "
17:51:19.7280,RX,"205 "
17:51:19.8400,RX,"194 "
17:51:19.9520,RX,"200 "
17:51:20.0280,RX,"2"
17:51:20.1770,RX,"01 "
17:51:20.1780,RX,"192 "
17:51:20.2520,RX,"205 "
17:51:20.3650,RX,"201 "
17:51:20.4770,RX,"1"
17:51:20.4780,RX,"96 "
17:51:20.5900,RX,"198 "
17:51:20.7400,RX,"192 "
17:51:20.7780,RX,"197 "
17:51:20.8900,RX,"1"
17:51:20.9270,RX,"97 "
17:51:21.0020,RX,"206 "
17:51:21.1150,RX,"193 "
17:51:21.2290,RX,"196 "
17:51:21.3400,RX,"196 "
17:51:21.4520,RX,"192 "
17:51:21.5280,RX,"188 "
17:51:21.6400,RX,"192 "
17:51:21.7520,RX,"325 "
17:51:21.8650,RX,"278 "
17:51:21.9400,RX,"237 "
17:51:22.0520,RX,"320 "
17:51:22.1650,RX,"277 "
17:51:22.2780,RX,"223 "
17:51:22.3900,RX,"213 "
17:51:22.4650,RX,"207 "
17:51:22.6520,RX,"203 "
17:51:22.6920,RX,"199 "
17:51:22.8030,RX,"199 "
17:51:22.9150,RX,"197"
17:51:22.9160,RX," "
17:51:23.0280,RX,"198 "
17:51:23.1400,RX,"202 "
17:51:23.2150,RX,"199 "
17:51:23.3280,RX,"198"
17:51:23.3650,RX," "
17:51:23.4400,RX,"205 "
17:51:23.5530,RX,"213 "
17:51:23.6650,RX,"199 "
17:51:23.7400,RX,"203"
17:51:23.7780,RX," "
17:51:23.8910,RX,"205 "
17:51:23.9660,RX,"201 "
17:51:24.1160,RX,"200 "
17:51:24.1900,RX,"20"
17:51:24.3400,RX,"1 "
17:51:24.3410,RX,"196 "
17:51:24.3780,RX,"202 "
17:51:24.5270,RX,"198 "
17:51:24.6020,RX,"21"
17:51:24.6030,RX,"2 "
17:51:24.7150,RX,"196 "
17:51:24.8280,RX,"199 "
17:51:24.9410,RX,"212 "
17:51:25.0150,RX,"2"
17:51:25.0530,RX,"06 "
17:51:25.1280,RX,"203 "
17:51:25.2400,RX,"198 "
17:51:25.3530,RX,"204 "
17:51:25.4280,RX,"1"
17:51:25.4650,RX,"99 "
17:51:25.5780,RX,"194 "
17:51:25.6530,RX,"199 "
17:51:25.7650,RX,"201 "
17:51:25.8770,RX,"1"
17:51:25.8780,RX,"94 "
17:51:25.9900,RX,"201 "
17:51:26.1030,RX,"196 "
17:51:26.1780,RX,"201 "
17:51:26.3280,RX,"199 "
17:51:26.4030,RX,"196 "
17:51:26.5150,RX,"197 "
17:51:26.6280,RX,"202 "
17:51:26.7400,RX,"203 "
17:51:26.8160,RX,"294 "
17:51:26.9280,RX,"266 "
17:51:27.0400,RX,"249 "
17:51:27.1530,RX,"231 "
17:51:27.3040,RX,"451 "
17:51:27.3780,RX,"273 "
17:51:27.4900,RX,"240 "
17:51:27.6030,RX,"218 "
17:51:27.7160,RX,"211 "
17:51:27.7900,RX,"212 "
17:51:27.8650,RX,"208"
17:51:27.9030,RX," "
17:51:28.0160,RX,"209 "
17:51:28.0900,RX,"208 "
17:51:28.2020,RX,"207 "
17:51:28.3150,RX,"214"
17:51:28.3160,RX," "
17:51:28.4280,RX,"220 "
17:51:28.5400,RX,"203 "
17:51:28.6160,RX,"208 "
17:51:28.7650,RX,"208 "
17:51:28.8400,RX,"207 "
17:51:28.9530,RX,"215 "
17:51:29.0650,RX,"209 "
17:51:29.1400,RX,"20"
17:51:29.1780,RX,"9 "
17:51:29.2530,RX,"204 "
17:51:29.3650,RX,"196 "
17:51:29.4770,RX,"201 "
17:51:29.5900,RX,"20"
17:51:29.5910,RX,"9 "
17:51:29.7030,RX,"203 "
17:51:29.7780,RX,"200 "
17:51:29.8900,RX,"196 "
17:51:30.0020,RX,"1"
17:51:30.0030,RX,"91 "
17:51:30.1150,RX,"195 "
17:51:30.2280,RX,"200 "
17:51:30.3030,RX,"210 "
17:51:30.4150,RX,"2"
17:51:30.4530,RX,"03 "
17:51:30.5280,RX,"201 "
17:51:30.6400,RX,"205 "
17:51:30.7530,RX,"210 "
17:51:30.8280,RX,"2"
17:51:30.8650,RX,"18 "
17:51:30.9780,RX,"212 "
17:51:31.0530,RX,"221 "
17:51:31.1650,RX,"218 "
17:51:31.2780,RX,"208 "
17:51:31.3900,RX,"199 "
17:51:31.5030,RX,"224 "
17:51:31.5780,RX,"211 "
17:51:31.6900,RX,"206 "
17:51:31.8030,RX,"204 "
17:51:31.9160,RX,"305 "
17:51:32.0650,RX,"267 "
17:51:32.1410,RX,"218 "
17:51:32.2150,RX,"206 "
17:51:32.3280,RX,"257 "
17:51:32.4400,RX,"363 "
17:51:32.5530,RX,"256 "
17:51:32.7030,RX,"221 "
17:51:32.7400,RX,"200 "
17:51:32.8530,RX,"195"
17:51:32.8900,RX," "
17:51:32.9650,RX,"206 "
17:51:33.0780,RX,"219 "
17:51:33.1900,RX,"223 "
17:51:33.2650,RX,"219"
17:51:33.3030,RX," "
17:51:33.4170,RX,"222 "
17:51:33.4900,RX,"215 "
17:51:33.6400,RX,"224 "
17:51:33.7530,RX,"21"
17:51:33.7540,RX,"6 "
17:51:33.8280,RX,"215 "
17:51:33.9410,RX,"219 "
17:51:34.0150,RX,"213 "
17:51:34.1280,RX,"21"
17:51:34.1290,RX,"6 "
17:51:34.2400,RX,"218 "
17:51:34.3530,RX,"217 "
17:51:34.4650,RX,"221 "
17:51:34.5410,RX,"21"
17:51:34.5780,RX,"6 "
17:51:34.6530,RX,"214 "
17:51:34.7660,RX,"212 "
17:51:34.8790,RX,"210 "
17:51:34.9530,RX,"2"
17:51:34.9910,RX,"06 "
17:51:35.1030,RX,"210 "
17:51:35.1780,RX,"207 "
17:51:35.2900,RX,"215 "
17:51:35.4030,RX,"2"
17:51:35.4040,RX,"19 "
17:51:35.5530,RX,"214 "
17:51:35.6650,RX,"212 "
17:51:35.7780,RX,"207 "
17:51:35.8150,RX,"2"
17:51:35.8530,RX,"15 "
17:51:35.9280,RX,"211 "
17:51:36.0400,RX,"209 "
17:51:36.1530,RX,"217 "
17:51:36.2660,RX,"217 "
17:51:36.3780,RX,"210 "
17:51:36.4530,RX,"204 "
17:51:36.5650,RX,"203 "
17:51:36.6780,RX,"202 "
17:51:36.7900,RX,"300 "
17:51:36.9030,RX,"264 "
17:51:36.9780,RX,"253 "
17:51:37.0900,RX,"224 "
17:51:37.2030,RX,"275 "
17:51:37.3160,RX,"405 "
17:51:37.3910,RX,"257 "
17:51:37.5410,RX,"221 "
17:51:37.6150,RX,"215 "
17:51:37.7280,RX,"209 "
17:51:37.8400,RX,"201"
17:51:37.8410,RX," "
17:51:37.9530,RX,"204 "
17:51:38.0650,RX,"203 "
17:51:38.1410,RX,"203 "
17:51:38.2530,RX,"198"
17:51:38.2900,RX," "
17:51:38.3660,RX,"197 "
17:51:38.4790,RX,"211 "
17:51:38.5910,RX,"210 "
17:51:38.6660,RX,"21"
17:51:38.7030,RX,"2 "
17:51:38.8150,RX,"211 "
17:51:38.8910,RX,"205 "
17:51:39.0030,RX,"197 "
17:51:39.1530,RX,"19"
17:51:39.1530,RX,"9 "
17:51:39.2280,RX,"204 "
17:51:39.3410,RX,"198 "
17:51:39.4150,RX,"202 "
17:51:39.5280,RX,"19"
17:51:39.5290,RX,"9 "
17:51:39.6410,RX,"199 "
17:51:39.7530,RX,"195 "
17:51:39.8280,RX,"217 "
17:51:39.9410,RX,"2"
17:51:39.9790,RX,"19 "
17:51:40.0530,RX,"226 "
17:51:40.1660,RX,"221 "
17:51:40.2790,RX,"216 "
17:51:40.3530,RX,"2"
17:51:40.3900,RX,"08 "
17:51:40.5030,RX,"207 "
17:51:40.5780,RX,"218 "
17:51:40.6900,RX,"216 "
17:51:40.8030,RX,"206 "
17:51:40.9150,RX,"222 "
17:51:41.0280,RX,"223 "
17:51:41.1030,RX,"218 "
17:51:41.2530,RX,"218 "
17:51:41.3280,RX,"213 "
17:51:41.4410,RX,"212 "
17:51:41.5530,RX,"217 "
17:51:41.6660,RX,"222 "
17:51:41.7790,RX,"338 "
17:51:41.8530,RX,"309 "
17:51:41.9660,RX,"280 "
17:51:42.0780,RX,"247 "
17:51:42.1910,RX,"314 "
17:51:42.2650,RX,"266 "
17:51:42.3780,RX,"216 "
17:51:42.4910,RX,"208 "
17:51:42.6030,RX,"204 "
17:51:42.7150,RX,"205 "
17:51:42.7910,RX,"205"
17:51:42.8280,RX," "
17:51:42.9410,RX,"207 "
17:51:43.0180,RX,"210 "
17:51:43.1280,RX,"207 "
17:51:43.2410,RX,"203"
17:51:43.2420,RX," "
17:51:43.3530,RX,"201 "
17:51:43.4660,RX,"197 "
17:51:43.5400,RX,"205 "
17:51:43.6530,RX,"20"
17:51:43.6910,RX,"9 "
17:51:43.7660,RX,"203 "
17:51:43.8780,RX,"197 "
17:51:43.9910,RX,"208 "
17:51:44.0660,RX,"20"
17:51:44.1030,RX,"6 "
17:51:44.2160,RX,"208 "
17:51:44.2910,RX,"194 "
17:51:44.4030,RX,"198 "
17:51:44.5150,RX,"21"
17:51:44.5160,RX,"0 "
17:51:44.6290,RX,"206 "
17:51:44.7030,RX,"197 "
17:51:44.8160,RX,"201 "
17:51:44.9280,RX,"2"
17:51:44.9290,RX,"02 "
17:51:45.0410,RX,"200 "
17:51:45.1530,RX,"205 "
17:51:45.2280,RX,"200 "
17:51:45.3400,RX,"2"
17:51:45.3790,RX,"03 "
17:51:45.4530,RX,"213 "
17:51:45.6030,RX,"208 "
17:51:45.6780,RX,"197 "
17:51:45.7910,RX,"207 "
17:51:45.9030,RX,"213 "
17:51:45.9780,RX,"208 "
17:51:46.0910,RX,"203 "
17:51:46.2030,RX,"202 "
17:51:46.3160,RX,"207 "
17:51:46.4280,RX,"215 "
17:51:46.5030,RX,"223 "
17:51:46.6160,RX,"224 "
17:51:46.7280,RX,"349 "
17:51:46.8410,RX,"256 "
17:51:46.9530,RX,"251 "
17:51:47.0660,RX,"252 "
17:51:47.1410,RX,"247 "
17:51:47.2530,RX,"236 "
17:51:47.3660,RX,"223 "
17:51:47.4780,RX,"215 "
17:51:47.5910,RX,"209 "
17:51:47.6660,RX,"212 "
17:51:47.7780,RX,"203"
17:51:47.8160,RX," "
17:51:47.8910,RX,"211 "
17:51:48.0030,RX,"215 "
17:51:48.1160,RX,"210 "
17:51:48.1910,RX,"205"
17:51:48.2280,RX," "
17:51:48.3410,RX,"198 "
17:51:48.4160,RX,"198 "
17:51:48.5280,RX,"202 "
17:51:48.6400,RX,"203"
17:51:48.6410,RX," "
17:51:48.7540,RX,"205 "
17:51:48.8660,RX,"194 "
17:51:48.9410,RX,"200 "
17:51:49.0530,RX,"20"
17:51:49.0540,RX,"1 "
17:51:49.1660,RX,"204 "
17:51:49.2780,RX,"203 "
17:51:49.3910,RX,"197 "
17:51:49.4660,RX,"20"
17:51:49.5030,RX,"9 "
17:51:49.5780,RX,"215 "
17:51:49.6910,RX,"205 "
17:51:49.8030,RX,"215 "
17:51:49.9150,RX,"2"
17:51:49.9160,RX,"06 "
17:51:50.0280,RX,"204 "
17:51:50.1030,RX,"202 "
17:51:50.2910,RX,"199 "
17:51:50.3280,RX,"2"
17:51:50.3660,RX,"15 "
17:51:50.4410,RX,"211 "
17:51:50.5530,RX,"208 "
17:51:50.6280,RX,"199 "
17:51:50.7780,RX,"204 "
17:51:50.8540,RX,"202 "
17:51:50.9660,RX,"200 "
17:51:51.0790,RX,"197 "
17:51:51.1910,RX,"206 "
17:51:51.3050,RX,"205 "
17:51:51.3790,RX,"211 "
17:51:51.4910,RX,"195 "
17:51:51.6030,RX,"2"
17:51:51.6040,RX,"05 "
17:51:51.7160,RX,"208 "
17:51:51.8290,RX,"201 "
17:51:51.9040,RX,"339 "
17:51:52.0160,RX,"262 "
17:51:52.1290,RX,"254 "
17:51:52.2410,RX,"239 "
17:51:52.3530,RX,"267"
17:51:52.3540,RX," "
17:51:52.4660,RX,"272 "
17:51:52.5410,RX,"220 "
17:51:52.6530,RX,"204 "
17:51:52.7660,RX,"196"
17:51:52.7670,RX," "
17:51:52.8780,RX,"200 "
17:51:52.9910,RX,"213 "
17:51:53.0660,RX,"209 "
17:51:53.1790,RX,"207"
17:51:53.2160,RX," "
17:51:53.2910,RX,"203 "
17:51:53.4040,RX,"204 "
17:51:53.5160,RX,"209 "
17:51:53.5910,RX,"20"
17:51:53.6290,RX,"3 "
17:51:53.7410,RX,"200 "
17:51:53.8180,RX,"199 "
17:51:53.9290,RX,"200 "
17:51:54.0410,RX,"19"
17:51:54.0420,RX,"9 "
17:51:54.1540,RX,"200 "
17:51:54.2660,RX,"202 "
17:51:54.3420,RX,"206 "
17:51:54.4530,RX,"20"
17:51:54.4540,RX,"2 "
17:51:54.5660,RX,"206 "
17:51:54.6780,RX,"209 "
17:51:54.7910,RX,"199 "
17:51:54.8660,RX,"1"
17:51:54.9040,RX,"99 "
17:51:54.9780,RX,"196 "
17:51:55.0910,RX,"206 "
17:51:55.2030,RX,"202 "
17:51:55.2780,RX,"2"
17:51:55.3160,RX,"06 "
17:51:55.4290,RX,"204 "
17:51:55.5030,RX,"203 "
17:51:55.6160,RX,"205 "
17:51:55.7280,RX,"204 "
17:51:55.8420,RX,"207 "
17:51:55.9530,RX,"207 "
17:51:56.0290,RX,"207 "
17:51:56.1790,RX,"200 "
17:51:56.2530,RX,"196 "
17:51:56.3660,RX,"208 "
17:51:56.4790,RX,"206 "
17:51:56.5910,RX,"197 "
17:51:56.7040,RX,"199 "
17:51:56.7820,RX,"199 "
17:51:56.8910,RX,"199 "
17:51:57.0040,RX,"195 "
17:51:57.1170,RX,"194 "
17:51:57.2290,RX,"270 "
17:51:57.3410,RX,"287 "
17:51:57.4160,RX,"242 "
17:51:57.5290,RX,"255 "
17:51:57.6410,RX,"215 "
17:51:57.7210,RX,"203"
17:51:57.7530,RX," "
17:51:57.8670,RX,"211 "
17:51:57.9420,RX,"201 "
17:51:58.0540,RX,"195 "
17:51:58.1660,RX,"203"
17:51:58.1670,RX," "
17:51:58.2780,RX,"191 "
17:51:58.3910,RX,"194 "
17:51:58.4660,RX,"194 "
17:51:58.6160,RX,"19"
17:51:58.6170,RX,"8 "
17:51:58.6910,RX,"202 "
17:51:58.8040,RX,"207 "
17:51:58.9530,RX,"203 "
17:51:58.9910,RX,"22"
17:51:59.0290,RX,"2 "
17:51:59.1410,RX,"225 "
17:51:59.2200,RX,"223 "
17:51:59.3290,RX,"218 "
17:51:59.4410,RX,"23"
17:51:59.4410,RX,"0 "
17:51:59.5530,RX,"215 "
17:51:59.6290,RX,"216 "
17:51:59.7420,RX,"220 "
17:51:59.8530,RX,"2"
17:51:59.8540,RX,"10 "
17:51:59.9660,RX,"214 "
17:52:00.0790,RX,"212 "
17:52:00.1530,RX,"222 "
17:52:00.2670,RX,"2"
17:52:00.3040,RX,"15 "
17:52:00.3790,RX,"213 "
17:52:00.4910,RX,"219 "
17:52:00.6040,RX,"213 "
17:52:00.7160,RX,"217 "
17:52:00.8290,RX,"224 "
17:52:00.9040,RX,"213 "
17:52:01.0160,RX,"211 "
17:52:01.1290,RX,"212 "
17:52:01.2410,RX,"214 "
17:52:01.3540,RX,"207 "
17:52:01.4290,RX,"215 "
17:52:01.5790,RX,"220 "
17:52:01.6540,RX,"210 "
17:52:01.7660,RX,"207 "
17:52:01.8790,RX,"216 "
17:52:01.9910,RX,"232 "
17:52:02.0660,RX,"345 "
17:52:02.1790,RX,"317 "
17:52:02.2910,RX,"275"
17:52:02.2920,RX," "
17:52:02.4040,RX,"238 "
17:52:02.5160,RX,"217 "
17:52:02.5910,RX,"214 "
17:52:02.7040,RX,"206"
17:52:02.7410,RX," "
17:52:02.8160,RX,"191 "
17:52:02.9290,RX,"201 "
17:52:03.0430,RX,"201 "
17:52:03.1170,RX,"206"
17:52:03.1540,RX," "
17:52:03.2660,RX,"209 "
17:52:03.3410,RX,"203 "
17:52:03.4540,RX,"204 "
17:52:03.5660,RX,"20"
17:52:03.5670,RX,"0 "
17:52:03.6790,RX,"205 "
17:52:03.7910,RX,"208 "
17:52:03.8660,RX,"203 "
17:52:03.9790,RX,"20"
17:52:04.0160,RX,"4 "
17:52:04.0920,RX,"201 "
17:52:04.2040,RX,"194 "
17:52:04.3170,RX,"200 "
17:52:04.3910,RX,"19"
17:52:04.4290,RX,"9 "
17:52:04.5040,RX,"203 "
17:52:04.6160,RX,"203 "
17:52:04.7290,RX,"207 "
17:52:04.8410,RX,"2"
17:52:04.8420,RX,"05 "
17:52:04.9540,RX,"192 "
17:52:05.0290,RX,"199 "
17:52:05.1410,RX,"195 "
17:52:05.2530,RX,"1"
17:52:05.2540,RX,"97 "
17:52:05.3660,RX,"207 "
17:52:05.4790,RX,"211 "
17:52:05.5540,RX,"211 "
17:52:05.7040,RX,"205 "
17:52:05.7790,RX,"206 "
17:52:05.8910,RX,"204 "
17:52:06.0040,RX,"205 "
17:52:06.1160,RX,"196 "
17:52:06.2290,RX,"206 "
17:52:06.3040,RX,"206 "
17:52:06.4170,RX,"206 "
17:52:06.5290,RX,"206 "
17:52:06.6410,RX,"196 "
17:52:06.7540,RX,"205 "
17:52:06.8290,RX,"201 "
17:52:06.9410,RX,"197 "
17:52:07.0540,RX,"214 "
17:52:07.1660,RX,"206 "
17:52:07.2780,RX,"195"
17:52:07.2790,RX," "
17:52:07.3920,RX,"224 "
17:52:07.4660,RX,"365 "
17:52:07.5790,RX,"296 "
17:52:07.6910,RX,"260"
17:52:07.6920,RX," "
17:52:07.8040,RX,"312 "
17:52:07.9160,RX,"383 "
17:52:07.9910,RX,"253 "
17:52:08.1040,RX,"227"
17:52:08.1420,RX," "
17:52:08.2170,RX,"206 "
17:52:08.3290,RX,"206 "
17:52:08.4410,RX,"195 "
17:52:08.5160,RX,"20"
17:52:08.5540,RX,"4 "
17:52:08.6670,RX,"210 "
17:52:08.7410,RX,"200 "
17:52:08.8540,RX,"211 "
17:52:08.9660,RX,"20"
17:52:08.9670,RX,"1 "
17:52:09.0790,RX,"194 "
17:52:09.1910,RX,"212 "
17:52:09.2660,RX,"202 "
17:52:09.3790,RX,"198 "
17:52:09.4930,RX,"202 "
17:52:09.6040,RX,"206 "
17:52:09.7160,RX,"206 "
17:52:09.7920,RX,"2"
17:52:09.8290,RX,"02 "
17:52:09.9040,RX,"201 "
17:52:10.0170,RX,"206 "
17:52:10.1290,RX,"202 "
17:52:10.2040,RX,"2"
17:52:10.2420,RX,"08 "
17:52:10.3540,RX,"205 "
17:52:10.4290,RX,"205 "
17:52:10.5410,RX,"210 "
17:52:10.6540,RX,"202 "
17:52:10.7710,RX,"201 "
17:52:10.8790,RX,"215 "
17:52:10.9540,RX,"212 "
17:52:11.1040,RX,"200 "
17:52:11.1790,RX,"199 "
17:52:11.2910,RX,"204 "
17:52:11.4040,RX,"211 "
17:52:11.5170,RX,"194 "
17:52:11.6290,RX,"204 "
17:52:11.7040,RX,"194 "
17:52:11.8170,RX,"204 "
17:52:11.9300,RX,"198 "
17:52:12.0410,RX,"198 "
17:52:12.1540,RX,"279 "
17:52:12.2290,RX,"266"
17:52:12.2670,RX," "
17:52:12.3410,RX,"267 "
17:52:12.4540,RX,"275 "
17:52:12.5670,RX,"246 "
17:52:12.6430,RX,"209"
17:52:12.6790,RX," "
17:52:12.7920,RX,"203 "
17:52:12.8670,RX,"205 "
17:52:12.9790,RX,"205 "
17:52:13.0910,RX,"211"
17:52:13.0920,RX," "
17:52:13.2040,RX,"195 "
17:52:13.3170,RX,"187 "
17:52:13.3920,RX,"199 "
17:52:13.5040,RX,"20"
17:52:13.5420,RX,"4 "
17:52:13.6170,RX,"210 "
17:52:13.7300,RX,"207 "
17:52:13.8430,RX,"190 "
17:52:13.9170,RX,"20"
17:52:13.9540,RX,"5 "
17:52:14.0670,RX,"200 "
17:52:14.1420,RX,"203 "
17:52:14.2540,RX,"204 "
17:52:14.3660,RX,"1"
17:52:14.3670,RX,"99 "
17:52:14.4790,RX,"199 "
17:52:14.6290,RX,"207 "
17:52:14.6670,RX,"198 "
17:52:14.7790,RX,"2"
17:52:14.7800,RX,"05 "
17:52:14.8920,RX,"199 "
17:52:15.0040,RX,"201 "
17:52:15.0790,RX,"197 "
17:52:15.1920,RX,"1"
17:52:15.2290,RX,"93 "
17:52:15.3040,RX,"194 "
17:52:15.4170,RX,"198 "
17:52:15.5290,RX,"196 "
17:52:15.6410,RX,"193 "
17:52:15.7540,RX,"199 "
17:52:15.8290,RX,"202 "
17:52:15.9420,RX,"203 "
17:52:16.0540,RX,"204 "
17:52:16.1670,RX,"210 "
17:52:16.2790,RX,"205 "
17:52:16.3540,RX,"338 "
17:52:16.5040,RX,"283 "
17:52:16.5790,RX,"248 "
17:52:16.6920,RX,"223 "
17:52:16.8040,RX,"232 "
17:52:16.9170,RX,"243 "
17:52:17.0290,RX,"247 "
17:52:17.1040,RX,"246 "
17:52:17.2160,RX,"237"
17:52:17.2170,RX," "
17:52:17.3290,RX,"231 "
17:52:17.4420,RX,"225 "
17:52:17.5170,RX,"229 "
17:52:17.6290,RX,"223"
17:52:17.6670,RX," "
17:52:17.7420,RX,"218 "
17:52:17.8540,RX,"231 "
17:52:17.9670,RX,"225 "
17:52:18.0420,RX,"227"
17:52:18.0790,RX," "
17:52:18.1920,RX,"233 "
17:52:18.2670,RX,"224 "
17:52:18.3800,RX,"228 "
17:52:18.4910,RX,"22"
17:52:18.4920,RX,"6 "
17:52:18.6040,RX,"224 "
17:52:18.7170,RX,"229 "
17:52:18.7920,RX,"222 "
17:52:18.9040,RX,"23"
17:52:18.9420,RX,"2 "
17:52:19.0170,RX,"231 "
17:52:19.1290,RX,"224 "
17:52:19.2420,RX,"236 "
17:52:19.3170,RX,"2"
17:52:19.3540,RX,"30 "
17:52:19.4670,RX,"221 "
17:52:19.5420,RX,"225 "
17:52:19.6550,RX,"229 "
17:52:19.7670,RX,"2"
17:52:19.7680,RX,"25 "
17:52:19.8800,RX,"216 "
17:52:19.9920,RX,"223 "
17:52:20.0670,RX,"214 "
17:52:20.1790,RX,"2"
17:52:20.1800,RX,"17 "
17:52:20.2920,RX,"222 "
17:52:20.4040,RX,"221 "
17:52:20.4790,RX,"224 "
17:52:20.6290,RX,"220 "
17:52:20.7050,RX,"218 "
17:52:20.8170,RX,"217 "
17:52:20.9290,RX,"228 "
17:52:21.0420,RX,"222 "
17:52:21.1540,RX,"217 "
17:52:21.2290,RX,"217 "
17:52:21.3420,RX,"221 "
17:52:21.4550,RX,"223 "
17:52:21.5670,RX,"215 "
17:52:21.6800,RX,"230 "
17:52:21.7540,RX,"224 "
17:52:21.9040,RX,"220 "
17:52:21.9790,RX,"324 "
17:52:22.0920,RX,"281 "
17:52:22.2040,RX,"249 "
17:52:22.3170,RX,"301 "
17:52:22.3920,RX,"275 "
17:52:22.5040,RX,"246 "
17:52:22.6160,RX,"229"
17:52:22.6170,RX," "
17:52:22.7300,RX,"219 "
17:52:22.8420,RX,"229 "
17:52:22.9170,RX,"221 "
17:52:23.0290,RX,"216"
17:52:23.0680,RX," "
17:52:23.1430,RX,"205 "
17:52:23.2540,RX,"207 "
17:52:23.3670,RX,"213 "
17:52:23.4420,RX,"20"
17:52:23.4790,RX,"7 "
17:52:23.5920,RX,"209 "
17:52:23.6670,RX,"219 "
17:52:23.7790,RX,"227 "
17:52:23.8910,RX,"21"
17:52:23.8920,RX,"0 "
17:52:24.0040,RX,"203 "
17:52:24.1170,RX,"215 "
17:52:24.2290,RX,"221 "
17:52:24.3040,RX,"2"
17:52:24.3050,RX,"17 "
17:52:24.4170,RX,"218 "
17:52:24.5290,RX,"214 "
17:52:24.6420,RX,"217 "
17:52:24.7170,RX,"2"
17:52:24.7540,RX,"21 "
17:52:24.8290,RX,"219 "
17:52:24.9420,RX,"217 "
17:52:25.0540,RX,"217 "
17:52:25.1670,RX,"2"
17:52:25.1670,RX,"24 "
17:52:25.2800,RX,"213 "
17:52:25.3550,RX,"221 "
17:52:25.4670,RX,"216 "
17:52:25.5790,RX,"222 "
17:52:25.6920,RX,"215 "
17:52:25.8040,RX,"215 "
17:52:25.8800,RX,"214 "
17:52:26.0290,RX,"213 "
17:52:26.1050,RX,"210 "
17:52:26.2180,RX,"216 "
17:52:26.3670,RX,"223 "
17:52:26.4420,RX,"214 "
17:52:26.5540,RX,"219 "
17:52:26.6300,RX,"209 "
17:52:26.7420,RX,"221 "
17:52:26.8550,RX,"218 "
17:52:26.9670,RX,"219 "
17:52:27.0790,RX,"219 "
17:52:27.1550,RX,"332"
17:52:27.1920,RX," "
17:52:27.2670,RX,"297 "
17:52:27.3790,RX,"246 "
17:52:27.4920,RX,"425 "
17:52:27.6040,RX,"425"
17:52:27.6050,RX," "
17:52:27.7170,RX,"284 "
17:52:27.7920,RX,"250 "
17:52:27.9040,RX,"228 "
17:52:28.0170,RX,"231 "
17:52:28.1670,RX,"225 "
17:52:28.2420,RX,"228 "
17:52:28.3170,RX,"222 "
17:52:28.4300,RX,"21"
17:52:28.4670,RX,"7 "
17:52:28.5420,RX,"227 "
17:52:28.6550,RX,"223 "
17:52:28.7670,RX,"218 "
17:52:28.8420,RX,"21"
17:52:28.9170,RX,"9 "
17:52:28.9920,RX,"217 "
17:52:29.0670,RX,"223 "
17:52:29.1800,RX,"210 "
17:52:29.2920,RX,"2"
17:52:29.2930,RX,"07 "
17:52:29.4050,RX,"209 "
17:52:29.5170,RX,"206 "
17:52:29.5920,RX,"215 "
17:52:29.7040,RX,"2"
17:52:29.7050,RX,"08 "
17:52:29.8170,RX,"219 "
17:52:29.9300,RX,"200 "
17:52:30.0420,RX,"215 "
17:52:30.1170,RX,"2"
17:52:30.1540,RX,"01 "
17:52:30.2300,RX,"192 "
17:52:30.3420,RX,"196 "
17:52:30.4550,RX,"200 "
17:52:30.5670,RX,"208 "
17:52:30.6800,RX,"208 "
17:52:30.7550,RX,"229 "
17:52:30.8670,RX,"212 "
17:52:30.9800,RX,"213 "
17:52:31.0930,RX,"215 "
17:52:31.2040,RX,"219 "
17:52:31.2790,RX,"213 "
17:52:31.4300,RX,"225 "
17:52:31.5040,RX,"213 "
17:52:31.6170,RX,"215 "
17:52:31.7300,RX,"218 "
17:52:31.8430,RX,"222 "
17:52:31.9550,RX,"221 "
17:52:32.0300,RX,"233 "
17:52:32.1420,RX,"351"
17:52:32.1430,RX," "
17:52:32.2550,RX,"319 "
17:52:32.3670,RX,"279 "
17:52:32.4800,RX,"324 "
17:52:32.5550,RX,"272"
17:52:32.5930,RX," "
17:52:32.6670,RX,"240 "
17:52:32.7810,RX,"238 "
17:52:32.8920,RX,"228 "
17:52:32.9670,RX,"22"
17:52:33.0050,RX,"6 "
17:52:33.1170,RX,"212 "
17:52:33.1920,RX,"211 "
17:52:33.3040,RX,"227 "
17:52:33.4170,RX,"21"
17:52:33.4180,RX,"3 "
17:52:33.5300,RX,"212 "
17:52:33.6420,RX,"214 "
17:52:33.7170,RX,"211 "
17:52:33.8300,RX,"21"
17:52:33.8670,RX,"1 "
17:52:33.9800,RX,"214 "
17:52:34.0550,RX,"217 "
17:52:34.1670,RX,"213 "
17:52:34.2420,RX,"2"
17:52:34.2800,RX,"01 "
17:52:34.3920,RX,"212 "
17:52:34.4670,RX,"211 "
17:52:34.5800,RX,"201 "
17:52:34.6920,RX,"2"
17:52:34.6930,RX,"08 "
17:52:34.8050,RX,"205 "
17:52:34.9170,RX,"213 "
17:52:34.9920,RX,"221 "
17:52:35.1040,RX,"2"
17:52:35.1050,RX,"06 "
17:52:35.2180,RX,"208 "
17:52:35.3300,RX,"213 "
17:52:35.4050,RX,"211 "
17:52:35.5550,RX,"220 "
17:52:35.6300,RX,"209 "
17:52:35.7420,RX,"206 "
17:52:35.8550,RX,"202 "
17:52:35.9670,RX,"219 "
17:52:36.1170,RX,"213 "
17:52:36.1920,RX,"201 "
17:52:36.2670,RX,"207 "
17:52:36.3800,RX,"209 "
17:52:36.4920,RX,"214 "
17:52:36.6050,RX,"213 "
17:52:36.6800,RX,"204 "
17:52:36.8300,RX,"203 "
17:52:36.9050,RX,"209 "
17:52:37.0180,RX,"214 "
17:52:37.1290,RX,"333"
17:52:37.1310,RX," "
17:52:37.2420,RX,"278 "
17:52:37.3170,RX,"260 "
17:52:37.4300,RX,"284 "
17:52:37.5790,RX,"250"
17:52:37.5800,RX," "
17:52:37.6550,RX,"215 "
17:52:37.7670,RX,"227 "
17:52:37.8430,RX,"207 "
17:52:37.9920,RX,"20"
17:52:37.9930,RX,"6 "
17:52:38.0670,RX,"199 "
17:52:38.1800,RX,"211 "
17:52:38.3300,RX,"210 "
17:52:38.3730,RX,"20"
17:52:38.4050,RX,"6 "
17:52:38.5170,RX,"210 "
17:52:38.5920,RX,"209 "
17:52:38.7050,RX,"213 "
17:52:38.8170,RX,"20"
17:52:38.8180,RX,"6 "
17:52:38.9300,RX,"211 "
17:52:39.0430,RX,"214 "
17:52:39.1180,RX,"202 "
17:52:39.2300,RX,"2"
17:52:39.2670,RX,"09 "
17:52:39.3430,RX,"202 "
17:52:39.4550,RX,"209 "
17:52:39.5670,RX,"214 "
17:52:39.6420,RX,"2"
17:52:39.6800,RX,"15 "
17:52:39.7920,RX,"223 "
17:52:39.8670,RX,"202 "
17:52:39.9800,RX,"210 "
17:52:40.0930,RX,"206 "
17:52:40.2050,RX,"211 "
17:52:40.2800,RX,"217 "
17:52:40.3930,RX,"220 "
17:52:40.5050,RX,"225 "
17:52:40.6170,RX,"220 "
17:52:40.7300,RX,"218 "
17:52:40.8060,RX,"222 "
17:52:40.9550,RX,"219 "
17:52:41.0300,RX,"216 "
17:52:41.1420,RX,"204 "
17:52:41.2550,RX,"223 "
17:52:41.3670,RX,"218 "
17:52:41.4800,RX,"222 "
17:52:41.5550,RX,"219 "
17:52:41.6670,RX,"218 "
17:52:41.8170,RX,"211 "
17:52:41.8920,RX,"216 "
17:52:42.0050,RX,"213 "
17:52:42.0800,RX,"294"
17:52:42.1170,RX," "
17:52:42.1930,RX,"331 "
17:52:42.3050,RX,"272 "
17:52:42.4170,RX,"259 "
17:52:42.5300,RX,"446"
17:52:42.5300,RX," "
17:52:42.6430,RX,"305 "
17:52:42.7170,RX,"261 "
17:52:42.8300,RX,"236 "
17:52:42.9420,RX,"23"
17:52:42.9430,RX,"3 "
17:52:43.0550,RX,"230 "
17:52:43.1670,RX,"231 "
17:52:43.2420,RX,"223 "
17:52:43.3550,RX,"22"
17:52:43.3930,RX,"5 "
17:52:43.4670,RX,"228 "
17:52:43.5800,RX,"231 "
17:52:43.6930,RX,"229 "
17:52:43.7680,RX,"22"
17:52:43.8050,RX,"9 "
17:52:43.9170,RX,"229 "
17:52:43.9930,RX,"232 "
17:52:44.1050,RX,"220 "
17:52:44.2170,RX,"2"
17:52:44.2180,RX,"33 "
17:52:44.3300,RX,"228 "
17:52:44.4420,RX,"232 "
17:52:44.5170,RX,"232 "
17:52:44.6300,RX,"2"
17:52:44.6300,RX,"33 "
17:52:44.7420,RX,"234 "
17:52:44.8550,RX,"229 "
17:52:44.9680,RX,"234 "
17:52:45.0800,RX,"239 "
17:52:45.1550,RX,"230 "
17:52:45.2690,RX,"234 "
17:52:45.3800,RX,"229 "
17:52:45.4930,RX,"233 "
17:52:45.6050,RX,"234 "
17:52:45.6800,RX,"227 "
17:52:45.7930,RX,"222 "
17:52:45.9050,RX,"232 "
17:52:46.0180,RX,"220 "
17:52:46.1300,RX,"218 "
17:52:46.2050,RX,"227 "
17:52:46.3550,RX,"220 "
17:52:46.4300,RX,"225 "
17:52:46.5430,RX,"225 "
17:52:46.6550,RX,"235 "
17:52:46.7670,RX,"233 "
17:52:46.8800,RX,"247 "
17:52:46.9550,RX,"358 "
17:52:47.0680,RX,"307"
17:52:47.0680,RX," "
17:52:47.1800,RX,"276 "
17:52:47.2930,RX,"247 "
17:52:47.4430,RX,"222 "
17:52:47.4800,RX,"232"
17:52:47.5180,RX," "
17:52:47.5930,RX,"206 "
17:52:47.7050,RX,"209 "
17:52:47.8180,RX,"206 "
17:52:47.8930,RX,"20"
17:52:47.9300,RX,"6 "
17:52:48.0430,RX,"211 "
17:52:48.1180,RX,"213 "
17:52:48.2300,RX,"206 "
17:52:48.3430,RX,"20"
17:52:48.3440,RX,"9 "
17:52:48.4550,RX,"204 "
17:52:48.5680,RX,"202 "
17:52:48.6420,RX,"192 "
17:52:48.7550,RX,"19"
17:52:48.7930,RX,"5 "
17:52:48.8680,RX,"206 "
17:52:48.9800,RX,"199 "
17:52:49.0930,RX,"207 "
17:52:49.1680,RX,"1"
17:52:49.2050,RX,"97 "
17:52:49.3180,RX,"200 "
17:52:49.3930,RX,"211 "
17:52:49.5060,RX,"215 "
17:52:49.6170,RX,"2"
17:52:49.6180,RX,"19 "
17:52:49.7300,RX,"200 "
17:52:49.8430,RX,"201 "
17:52:49.9170,RX,"216 "
17:52:50.0300,RX,"209 "
17:52:50.1430,RX,"204 "
17:52:50.2560,RX,"206 "
17:52:50.3300,RX,"201 "
17:52:50.4800,RX,"206 "
17:52:50.5550,RX,"208 "
17:52:50.6680,RX,"204 "
17:52:50.7800,RX,"209 "
17:52:50.8930,RX,"207 "
17:52:51.0430,RX,"201 "
17:52:51.0800,RX,"206 "
17:52:51.1920,RX,"211 "
17:52:51.3050,RX,"203 "
17:52:51.4180,RX,"210 "
17:52:51.5300,RX,"209 "
17:52:51.6430,RX,"210 "
17:52:51.7560,RX,"218 "
17:52:51.8300,RX,"209 "
17:52:51.9430,RX,"229 "
17:52:52.0550,RX,"357"
17:52:52.0560,RX," "
17:52:52.1680,RX,"328 "
17:52:52.2800,RX,"276 "
17:52:52.3550,RX,"300 "
17:52:52.4670,RX,"258"
17:52:52.4680,RX," "
17:52:52.5800,RX,"224 "
17:52:52.6930,RX,"211 "
17:52:52.8050,RX,"210 "
17:52:52.8810,RX,"21"
17:52:52.9180,RX,"0 "
17:52:52.9930,RX,"216 "
17:52:53.1050,RX,"206 "
17:52:53.2180,RX,"213 "
17:52:53.2930,RX,"20"
17:52:53.3300,RX,"2 "
17:52:53.4430,RX,"204 "
17:52:53.5180,RX,"189 "
17:52:53.6300,RX,"194 "
17:52:53.7420,RX,"19"
17:52:53.7430,RX,"0 "
17:52:53.8550,RX,"196 "
17:52:53.9680,RX,"186 "
17:52:54.0430,RX,"195 "
17:52:54.1550,RX,"1"
17:52:54.1930,RX,"92 "
17:52:54.2680,RX,"188 "
17:52:54.3800,RX,"188 "
17:52:54.4930,RX,"186 "
17:52:54.5680,RX,"1"
17:52:54.6050,RX,"95 "
17:52:54.7180,RX,"200 "
17:52:54.7930,RX,"209 "
17:52:54.9060,RX,"204 "
17:52:55.0180,RX,"196 "
17:52:55.1310,RX,"194 "
17:52:55.2050,RX,"195 "
17:52:55.3180,RX,"195 "
17:52:55.4310,RX,"191 "
17:52:55.5430,RX,"191 "
17:52:55.6560,RX,"193 "
17:52:55.7300,RX,"188 "
17:52:55.8800,RX,"194 "
17:52:55.9560,RX,"193 "
17:52:56.0680,RX,"195 "
17:52:56.1800,RX,"194 "
17:52:56.2930,RX,"180 "
17:52:56.4050,RX,"187 "
17:52:56.4800,RX,"187 "
17:52:56.5930,RX,"185"
17:52:56.6300,RX," "
17:52:56.7050,RX,"179 "
17:52:56.8180,RX,"181 "
17:52:56.9300,RX,"174 "
17:52:57.0050,RX,"176"
17:52:57.0430,RX," "
17:52:57.1560,RX,"176 "
17:52:57.2300,RX,"173 "
17:52:57.3430,RX,"168 "
17:52:57.4550,RX,"184"
17:52:57.4560,RX," "
17:52:57.5680,RX,"194 "
17:52:57.6440,RX,"188 "
17:52:57.7560,RX,"195 "
17:52:57.8670,RX,"19"
17:52:57.8680,RX,"6 "
17:52:57.9800,RX,"194 "
17:52:58.0930,RX,"192 "
17:52:58.1680,RX,"195 "
17:52:58.2810,RX,"19"
17:52:58.3180,RX,"7 "
17:52:58.3930,RX,"200 "
17:52:58.5050,RX,"196 "
17:52:58.6180,RX,"193 "
17:52:58.6930,RX,"18"
17:52:58.7310,RX,"9 "
17:52:58.8430,RX,"197 "
17:52:58.9180,RX,"192 "
17:52:59.0310,RX,"193 "
17:52:59.1430,RX,"1"
17:52:59.1440,RX,"91 "
17:52:59.2560,RX,"185 "
17:52:59.3680,RX,"184 "
17:52:59.4430,RX,"184 "
17:52:59.5560,RX,"1"
17:52:59.5930,RX,"87 "
17:52:59.6680,RX,"187 "
17:52:59.7800,RX,"186 "
17:52:59.8960,RX,"192 "
17:53:00.0050,RX,"189 "
17:53:00.0810,RX,"182 "
17:53:00.1960,RX,"188 "
17:53:00.3050,RX,"192 "
17:53:00.4180,RX,"185 "
17:53:00.5300,RX,"186 "
17:53:00.6050,RX,"184 "
17:53:00.7180,RX,"179 "
17:53:00.8300,RX,"172 "
17:53:00.9430,RX,"173 "
17:53:01.0560,RX,"176 "
17:53:01.1300,RX,"180 "
17:53:01.2810,RX,"179 "
17:53:01.3560,RX,"170 "
17:53:01.4680,RX,"176 "
17:53:01.5800,RX,"177"
17:53:01.5810,RX," "
17:53:01.6930,RX,"183 "
17:53:01.8060,RX,"176 "
17:53:01.8810,RX,"176 "
17:53:01.9930,RX,"176"
17:53:01.9940,RX," "
17:53:02.1060,RX,"170 "
17:53:02.2180,RX,"175 "
17:53:02.3680,RX,"174 "
17:53:02.4060,RX,"175"
17:53:02.4430,RX," "
17:53:02.5180,RX,"172 "
17:53:02.6310,RX,"179 "
17:53:02.7430,RX,"179 "
17:53:02.8550,RX,"17"
17:53:02.8570,RX,"2 "
17:53:02.9680,RX,"174 "
17:53:03.0440,RX,"168 "
17:53:03.1560,RX,"165 "
17:53:03.2680,RX,"16"
17:53:03.2690,RX,"6 "
17:53:03.3810,RX,"173 "
17:53:03.4940,RX,"174 "
17:53:03.5690,RX,"193 "
17:53:03.6810,RX,"18"
17:53:03.7180,RX,"9 "
17:53:03.7950,RX,"191 "
17:53:03.9060,RX,"182 "
17:53:04.0180,RX,"184 "
17:53:04.0930,RX,"1"
17:53:04.1300,RX,"87 "
17:53:04.2430,RX,"176 "
17:53:04.3180,RX,"181 "
17:53:04.4300,RX,"176 "
17:53:04.5430,RX,"1"
17:53:04.5440,RX,"78 "
17:53:04.6560,RX,"179 "
17:53:04.7680,RX,"176 "
17:53:04.8430,RX,"173 "
17:53:04.9560,RX,"177 "
17:53:05.0680,RX,"182 "
17:53:05.1810,RX,"182 "
17:53:05.2930,RX,"178 "
17:53:05.4060,RX,"177 "
17:53:05.4810,RX,"181 "
17:53:05.5930,RX,"179 "
17:53:05.7060,RX,"181 "
17:53:05.8180,RX,"184 "
17:53:05.9310,RX,"177 "
17:53:06.0060,RX,"178 "
17:53:06.1190,RX,"175 "
17:53:06.2310,RX,"176 "
17:53:06.3440,RX,"169 "
17:53:06.4560,RX,"174 "
17:53:06.5300,RX,"175"
17:53:06.5680,RX," "
17:53:06.6810,RX,"169 "
17:53:06.7560,RX,"174 "
17:53:06.8690,RX,"176 "
17:53:06.9800,RX,"174"
17:53:06.9810,RX," "
17:53:07.0930,RX,"173 "
17:53:07.2060,RX,"172 "
17:53:07.2810,RX,"175 "
17:53:07.3930,RX,"173"
17:53:07.3940,RX," "
17:53:07.5060,RX,"174 "
17:53:07.6190,RX,"172 "
17:53:07.7310,RX,"166 "
17:53:07.8060,RX,"17"
17:53:07.8430,RX,"0 "
17:53:07.9190,RX,"171 "
17:53:08.0300,RX,"169 "
17:53:08.1430,RX,"174 "
17:53:08.2190,RX,"17"
17:53:08.2550,RX,"6 "
17:53:08.3680,RX,"172 "
17:53:08.4430,RX,"176 "
17:53:08.5560,RX,"173 "
17:53:08.6680,RX,"1"
17:53:08.6690,RX,"72 "
17:53:08.7810,RX,"180 "
17:53:08.8930,RX,"183 "
17:53:08.9680,RX,"181 "
17:53:09.0810,RX,"1"
17:53:09.1180,RX,"82 "
17:53:09.1930,RX,"185 "
17:53:09.3060,RX,"187 "
17:53:09.4190,RX,"173 "
17:53:09.4930,RX,"1"
17:53:09.5310,RX,"82 "
17:53:09.6440,RX,"184 "
17:53:09.7190,RX,"182 "
17:53:09.8310,RX,"188 "
17:53:09.9440,RX,"184 "
17:53:10.0560,RX,"184 "
17:53:10.1680,RX,"181 "
17:53:10.2440,RX,"182 "
17:53:10.3560,RX,"177 "
17:53:10.4680,RX,"193 "
